species_code,scientific_name,common_name
grerhe1,Rhea americana,Greater Rhea
gretin1,Tinamus major,Great Tinamou
wfwduc1,Dendrocygna viduata,White-faced Whistling-Duck
bbwduc,Dendrocygna autumnalis,Black-bellied Whistling-Duck
fuwduc,Dendrocygna bicolor,Fulvous Whistling-Duck
snogoo,Anser caerulescens,Snow Goose
rosgoo,Anser rossii,Ross's Goose
swagoo1,Anser cygnoides,Swan Goose
gwfgoo,Anser albifrons,Greater White-fronted Goose
gwfgoo2,Anser albifrons gambelli/sponsa,Greater White-fronted Goose (Western)
domgoo1,Anser sp. (Domestic type),Domestic goose sp. (Domestic type)
brant,Branta bernicla,Brant
bargoo,Branta leucopsis,Barnacle Goose
cacgoo1,Branta hutchinsii,Cackling Goose
alcgoo1,Branta hutchinsii leucopareia,Cackling Goose (Aleutian)
ricgoo1,Branta hutchinsii hutchinsii,Cackling Goose (Richardson's)
cacgoo2,Branta hutchinsii minima,Cackling Goose (minima)
cangoo,Branta canadensis,Canada Goose
cangoo4,Branta canadensis moffitti/maxima,Canada Goose (moffitti/maxima)
cangoo1,Branta canadensis [canadensis Group],Canada Goose (canadensis Group)
x00415,Anser albifrons x Branta canadensis,Greater White-fronted x Canada Goose (hybrid)
x00759,Anser sp. (Domestic type) x Branta canadensis,Domestic goose sp. (Domestic type) x Canada Goose (hybrid)
x00197,Anser caerulescens x Branta canadensis,Snow x Canada Goose (hybrid)
hawgoo,Branta sandvicensis,Hawaiian Goose
goose1,Anser/Branta sp.,goose sp.
mutswa,Cygnus olor,Mute Swan
truswa,Cygnus buccinator,Trumpeter Swan
tunswa,Cygnus columbianus,Tundra Swan
tunswa1,Cygnus columbianus columbianus,Tundra Swan (Whistling)
x00418,Cygnus buccinator x columbianus,Trumpeter x Tundra Swan (hybrid)
y00471,Cygnus buccinator/columbianus,Trumpeter/Tundra Swan
swan1,Cygnus sp.,swan sp.
egygoo,Alopochen aegyptiaca,Egyptian Goose
musduc,Cairina moschata,Muscovy Duck
musduc3,Cairina moschata (Established Feral),Muscovy Duck (Established Feral)
musduc2,Cairina moschata (Domestic type),Muscovy Duck (Domestic type)
wooduc,Aix sponsa,Wood Duck
manduc,Aix galericulata,Mandarin Duck
baitea,Sibirionetta formosa,Baikal Teal
buwtea,Spatula discors,Blue-winged Teal
cintea,Spatula cyanoptera,Cinnamon Teal
norsho,Spatula clypeata,Northern Shoveler
gadwal,Mareca strepera,Gadwall
x00457,Spatula clypeata x Mareca strepera,Northern Shoveler x Gadwall (hybrid)
eurwig,Mareca penelope,Eurasian Wigeon
amewig,Mareca americana,American Wigeon
x00724,Mareca strepera x americana,Gadwall x American Wigeon (hybrid)
mallar3,Anas platyrhynchos,Mallard
mallar2,Anas platyrhynchos (Domestic type),Mallard (Domestic type)
mdxmal1,Cairina moschata x Anas platyrhynchos,Muscovy Duck x Mallard (hybrid)
x00205,Aix sponsa x Anas platyrhynchos,Wood Duck x Mallard (hybrid)
x00420,Mareca strepera x Anas platyrhynchos,Gadwall x Mallard (hybrid)
x00423,Anas platyrhynchos x wyvilliana,Mallard x Hawaiian Duck (hybrid)
mexduc,Anas diazi,Mexican Duck
mallar,Anas platyrhynchos/diazi,Mallard/Mexican Duck
ambduc,Anas rubripes,American Black Duck
x00004,Anas platyrhynchos x rubripes,Mallard x American Black Duck (hybrid)
y00600,Anas platyrhynchos/rubripes,Mallard/American Black Duck
motduc,Anas fulvigula,Mottled Duck
x00422,Anas platyrhynchos x fulvigula,Mallard x Mottled Duck (hybrid)
whcpin,Anas bahamensis,White-cheeked Pintail
norpin,Anas acuta,Northern Pintail
gnwtea,Anas crecca,Green-winged Teal
egwtea1,Anas crecca crecca,Green-winged Teal (Eurasian)
agwtea1,Anas crecca carolinensis,Green-winged Teal (American)
x00670,Anas platyrhynchos x crecca,Mallard x Green-winged Teal (hybrid)
dabduc1,Anatidae sp. (dabbling duck sp.),dabbling duck sp.
canvas,Aythya valisineria,Canvasback
redhea,Aythya americana,Redhead
rinduc,Aythya collaris,Ring-necked Duck
gresca,Aythya marila,Greater Scaup
lessca,Aythya affinis,Lesser Scaup
x00613,Aythya collaris x affinis,Ring-necked Duck x Lesser Scaup (hybrid)
scaup,Aythya marila/affinis,Greater/Lesser Scaup
comeid,Somateria mollissima,Common Eider
sursco,Melanitta perspicillata,Surf Scoter
whwsco2,Melanitta deglandi,White-winged Scoter
whwsco,Melanitta fusca/deglandi/stejnegeri,Velvet/White-winged/Stejneger's Scoter
blksco2,Melanitta americana,Black Scoter
lotduc,Clangula hyemalis,Long-tailed Duck
buffle,Bucephala albeola,Bufflehead
comgol,Bucephala clangula,Common Goldeneye
bargol,Bucephala islandica,Barrow's Goldeneye
y00004,Bucephala clangula/islandica,Common/Barrow's Goldeneye
hoomer,Lophodytes cucullatus,Hooded Merganser
x00202,Aix sponsa x Lophodytes cucullatus,Wood Duck x Hooded Merganser (hybrid)
x00424,Bucephala albeola x Lophodytes cucullatus,Bufflehead x Hooded Merganser (hybrid)
commer,Mergus merganser,Common Merganser
commer1,Mergus merganser americanus,Common Merganser (North American)
rebmer,Mergus serrator,Red-breasted Merganser
x00614,Aythya collaris x Mergus serrator,Ring-necked Duck x Red-breasted Merganser (hybrid)
mergan1,Mergellus/Lophodytes/Mergus sp.,merganser sp.
rudduc,Oxyura jamaicensis,Ruddy Duck
duck1,Anatinae sp.,duck sp.
placha,Ortalis vetula,Plain Chachalaca
rubcha1,Ortalis wagleri,Rufous-bellied Chachalaca
colcha1,Ortalis columbiana,Colombian Chachalaca
helgui,Numida meleagris,Helmeted Guineafowl
mouqua,Oreortyx pictus,Mountain Quail
norbob,Colinus virginianus,Northern Bobwhite
norbob1,Colinus virginianus [virginianus Group],Northern Bobwhite (Eastern)
scaqua,Callipepla squamata,Scaled Quail
x00688,Colinus virginianus x Callipepla squamata,Northern Bobwhite x Scaled Quail (hybrid)
calqua,Callipepla californica,California Quail
gamqua,Callipepla gambelii,Gambel's Quail
x00689,Callipepla squamata x gambelii,Scaled x Gambel's Quail (hybrid)
y00315,Callipepla californica x gambelii,California x Gambel's Quail (hybrid)
monqua,Cyrtonyx montezumae,Montezuma Quail
quail1,Odontophoridae sp.,new world quail sp.
wiltur,Meleagris gallopavo,Wild Turkey
rufgro,Bonasa umbellus,Ruffed Grouse
dusgro,Dendragapus obscurus,Dusky Grouse
soogro1,Dendragapus fuliginosus,Sooty Grouse
blugrs,Dendragapus obscurus/fuliginosus,Dusky/Sooty Grouse
shtgro,Tympanuchus phasianellus,Sharp-tailed Grouse
grpchi,Tympanuchus cupido,Greater Prairie-Chicken
greprc1,Tympanuchus cupido pinnatus,Greater Prairie-Chicken (pinnatus)
wilpta,Lagopus lagopus,Willow Ptarmigan
rocpta1,Lagopus muta,Rock Ptarmigan
ptarmi1,Lagopus sp.,ptarmigan sp.
sprgro,Canachites canadensis,Spruce Grouse
frsgro1,Canachites canadensis franklinii/isleibi,Spruce Grouse (Franklin's)
grypar,Perdix perdix,Gray Partridge
golphe,Chrysolophus pictus,Golden Pheasant
rinphe,Phasianus colchicus,Ring-necked Pheasant
rinphe1,Phasianus colchicus [colchicus Group],Ring-necked Pheasant (Ring-necked)
rinphe2,Phasianus colchicus [versicolor Group],Ring-necked Pheasant (Green)
kalphe,Lophura leucomelanos,Kalij Pheasant
silphe,Lophura nycthemera,Silver Pheasant
compea,Pavo cristatus,Indian Peafowl
pheasa1,Phasianidae sp. (pheasant sp.),pheasant sp.
redjun,Gallus gallus,Red Junglefowl
redjun1,Gallus gallus (Domestic type),Red Junglefowl (Domestic type)
gryfra,Ortygornis pondicerianus,Gray Francolin
relpar1,Alectoris rufa,Red-legged Partridge
chukar,Alectoris chukar,Chukar
ercfra,Pternistis erckelii,Erckel's Francolin
leagre,Tachybaptus dominicus,Least Grebe
pibgre,Podilymbus podiceps,Pied-billed Grebe
horgre,Podiceps auritus,Horned Grebe
rengre,Podiceps grisegena,Red-necked Grebe
eargre,Podiceps nigricollis,Eared Grebe
y00229,Podiceps auritus/nigricollis,Horned/Eared Grebe
wesgre,Aechmophorus occidentalis,Western Grebe
rocpig,Columba livia,Rock Pigeon
rocpig1,Columba livia (Feral Pigeon),Rock Pigeon (Feral Pigeon)
whcpig2,Patagioenas leucocephala,White-crowned Pigeon
rebpig1,Patagioenas flavirostris,Red-billed Pigeon
batpig1,Patagioenas fasciata,Band-tailed Pigeon
batpig2,Patagioenas fasciata [fasciata Group],Band-tailed Pigeon (Northern)
y00319,Columba livia/Patagioenas fasciata,Rock/Band-tailed Pigeon
eutdov,Streptopelia turtur,European Turtle-Dove
ortdov,Streptopelia orientalis,Oriental Turtle-Dove
eucdov,Streptopelia decaocto,Eurasian Collared-Dove
afcdov1,Streptopelia roseogrisea,African Collared-Dove
afrcod1,Streptopelia roseogrisea (Domestic type),African Collared-Dove (Domestic type or Ringed Turtle-Dove)
rindov,Streptopelia capicola,Ring-necked Dove
spodov,Streptopelia chinensis,Spotted Dove
strept1,Streptopelia sp.,Streptopelia sp.
zebdov,Geopelia striata,Zebra Dove
incdov,Columbina inca,Inca Dove
cogdov,Columbina passerina,Common Ground Dove
rugdov,Columbina talpacoti,Ruddy Ground Dove
y00320,Columbina sp.,ground dove/Inca Dove
gfqdov,Geotrygon caniceps,Gray-fronted Quail-Dove
wfqdov,Geotrygon leucometopia,White-fronted Quail-Dove
whtdov,Leptotila verreauxi,White-tipped Dove
whwdov,Zenaida asiatica,White-winged Dove
moudov,Zenaida macroura,Mourning Dove
dove1,Columbidae sp.,pigeon/dove sp.
grbani,Crotophaga sulcirostris,Groove-billed Ani
greroa,Geococcyx californianus,Greater Roadrunner
squcuc1,Piaya cayana,Squirrel Cuckoo
yebcuc,Coccyzus americanus,Yellow-billed Cuckoo
bkbcuc,Coccyzus erythropthalmus,Black-billed Cuckoo
oricuc2,Cuculus optatus,Oriental Cuckoo
lesnig,Chordeiles acutipennis,Lesser Nighthawk
comnig,Chordeiles minor,Common Nighthawk
nighth1,Chordeiles sp.,nighthawk sp.
compau,Nyctidromus albicollis,Common Pauraque
compoo,Phalaenoptilus nuttallii,Common Poorwill
chwwid,Antrostomus carolinensis,Chuck-will's-widow
bucnig,Antrostomus ridgwayi,Buff-collared Nightjar
whcswi,Streptoprocne zonaris,White-collared Swift
chiswi,Chaetura pelagica,Chimney Swift
vauswi,Chaetura vauxi,Vaux's Swift
whtswi,Aeronautes saxatalis,White-throated Swift
ruthum1,Chrysolampis mosquitus,Ruby-topaz Hummingbird
peacoq1,Lophornis pavoninus,Peacock Coquette
maghum1,Eugenes fulgens,Rivoli's Hummingbird
plcsta,Heliomaster constantii,Plain-capped Starthroat
buthum,Lampornis clemenciae,Blue-throated Mountain-gem
luchum,Calothorax lucifer,Lucifer Hummingbird
rthhum,Archilochus colubris,Ruby-throated Hummingbird
bkchum,Archilochus alexandri,Black-chinned Hummingbird
archil1,Archilochus colubris/alexandri,Ruby-throated/Black-chinned Hummingbird
annhum,Calypte anna,Anna's Hummingbird
coshum,Calypte costae,Costa's Hummingbird
x00618,Calypte anna x costae,Anna's x Costa's Hummingbird (hybrid)
calypt,Calypte anna/costae,Anna's/Costa's Hummingbird
calhum,Selasphorus calliope,Calliope Hummingbird
x00619,Calypte anna x Selasphorus calliope,Anna's x Calliope Hummingbird (hybrid)
rufhum,Selasphorus rufus,Rufous Hummingbird
allhum,Selasphorus sasin,Allen's Hummingbird
y00001,Selasphorus rufus/sasin,Rufous/Allen's Hummingbird
brthum,Selasphorus platycercus,Broad-tailed Hummingbird
selasp,Selasphorus sp.,Selasphorus sp.
brbhum,Cynanthus latirostris,Broad-billed Hummingbird
goceme1,Cynanthus auriceps,Golden-crowned Emerald
whehum,Basilinna leucotis,White-eared Hummingbird
mexwoo1,Eupherusa ridgwayi,Mexican Woodnymph
vichum,Leucolia violiceps,Violet-crowned Hummingbird
berhum,Saucerottia beryllina,Berylline Hummingbird
cinhum1,Amazilia rutila,Cinnamon Hummingbird
bubhum,Amazilia yucatanensis,Buff-bellied Hummingbird
rtlhum,Amazilia tzacatl,Rufous-tailed Hummingbird
whthum2,Leucochloris albicollis,White-throated Hummingbird
hummin,Trochilidae sp.,hummingbird sp.
clarai11,Rallus crepitans,Clapper Rail
rallus,Rallus elegans/crepitans,King/Clapper Rail
virrai,Rallus limicola,Virginia Rail
sora,Porzana carolina,Sora
comgal1,Gallinula galeata,Common Gallinule
commoo,Gallinula chloropus/galeata,Eurasian Moorhen/Common Gallinule
y00475,Fulica americana,American Coot
amecoo,Fulica americana (Red-shielded),American Coot (Red-shielded)
coot1,Fulica sp.,coot sp.
purgal2,Porphyrio martinica,Purple Gallinule
limpki,Aramus guarauna,Limpkin
sancra,Antigone canadensis,Sandhill Crane
sancra1,Antigone canadensis canadensis,Sandhill Crane (canadensis)
sancra2,Antigone canadensis tabida/rowani,Sandhill Crane (tabida/rowani)
sancra5,Antigone canadensis pratensis,Sandhill Crane (pratensis)
whocra,Grus americana,Whooping Crane
bknsti,Himantopus mexicanus,Black-necked Stilt
pagplo,Pluvialis fulva,Pacific Golden-Plover
semplo,Charadrius semipalmatus,Semipalmated Plover
killde,Charadrius vociferus,Killdeer
plover2,Charadriidae sp.,plover sp.
lobcur,Numenius americanus,Long-billed Curlew
leasan,Calidris minutilla,Least Sandpiper
pecsan,Calidris melanotos,Pectoral Sandpiper
semsan,Calidris pusilla,Semipalmated Sandpiper
wessan,Calidris mauri,Western Sandpiper
lobdow,Limnodromus scolopaceus,Long-billed Dowitcher
jacsni,Lymnocryptes minimus,Jack Snipe
amewoo,Scolopax minor,American Woodcock
comsni,Gallinago gallinago,Common Snipe
wilsni1,Gallinago delicata,Wilson's Snipe
redpha1,Phalaropus fulicarius,Red Phalarope
comsan,Actitis hypoleucos,Common Sandpiper
sposan,Actitis macularius,Spotted Sandpiper
solsan,Tringa solitaria,Solitary Sandpiper
wantat1,Tringa incana,Wandering Tattler
greyel,Tringa melanoleuca,Greater Yellowlegs
willet2,Tringa semipalmata semipalmata,Willet (Eastern)
lesyel,Tringa flavipes,Lesser Yellowlegs
doveki,Alle alle,Dovekie
parauk,Aethia psittacula,Parakeet Auklet
bklkit,Rissa tridactyla,Black-legged Kittiwake
bongul,Chroicocephalus philadelphia,Bonaparte's Gull
blbgul1,Chroicocephalus bulleri,Black-billed Gull
bkhgul,Chroicocephalus ridibundus,Black-headed Gull
grygul,Leucophaeus modestus,Gray Gull
laugul,Leucophaeus atricilla,Laughing Gull
fragul,Leucophaeus pipixcan,Franklin's Gull
heegul,Larus heermanni,Heermann's Gull
mewgul2,Larus brachyrhynchus,Short-billed Gull
ribgul,Larus delawarensis,Ring-billed Gull
x00616,Leucophaeus atricilla x Larus delawarensis,Laughing x Ring-billed Gull (hybrid)
wesgul,Larus occidentalis,Western Gull
calgul,Larus californicus,California Gull
hergul,Larus argentatus,Herring Gull
amhgul1,Larus argentatus smithsonianus,Herring Gull (American)
y00478,Larus glaucoides,Iceland Gull
thagul,Larus glaucoides thayeri,Iceland Gull (Thayer's)
icegul1,Larus glaucoides glaucoides,Iceland Gull (glaucoides)
icegul,Larus glaucoides glaucoides/kumlieni,Iceland Gull (glaucoides/kumlieni)
x00617,Larus argentatus x glaucoides,Herring x Iceland Gull (hybrid)
lbbgul,Larus fuscus,Lesser Black-backed Gull
glwgul,Larus glaucescens,Glaucous-winged Gull
x00051,Larus occidentalis x glaucescens,Western x Glaucous-winged Gull (hybrid)
x00050,Larus argentatus x glaucescens,Herring x Glaucous-winged Gull (hybrid)
glagul,Larus hyperboreus,Glaucous Gull
gbbgul,Larus marinus,Great Black-backed Gull
larus1,Larus sp.,Larus sp.
larus,Larinae sp.,gull sp.
leater1,Sternula antillarum,Least Tern
gubter1,Gelochelidon nilotica,Gull-billed Tern
comter,Sterna hirundo,Common Tern
forter,Sterna forsteri,Forster's Tern
royter1,Thalasseus maximus,Royal Tern
santer1,Thalasseus sandvicensis,Sandwich Tern
tern1,Sterninae sp.,tern sp.
retloo,Gavia stellata,Red-throated Loon
comloo,Gavia immer,Common Loon
loon,Gavia sp.,loon sp.
woosto,Mycteria americana,Wood Stork
magfri,Fregata magnificens,Magnificent Frigatebird
norgan,Morus bassanus,Northern Gannet
anhing,Anhinga anhinga,Anhinga
doccor,Nannopterum auritum,Double-crested Cormorant
neocor,Nannopterum brasilianum,Neotropic Cormorant
cormor1,Phalacrocoracidae sp.,cormorant sp.
amwpel,Pelecanus erythrorhynchos,American White Pelican
brnpel,Pelecanus occidentalis,Brown Pelican
grwpel1,Pelecanus onocrotalus,Great White Pelican
amebit,Botaurus lentiginosus,American Bittern
leabit,Ixobrychus exilis,Least Bittern
grbher3,Ardea herodias,Great Blue Heron
grbher,Ardea herodias [herodias Group],Great Blue Heron (Great Blue)
grwher,Ardea herodias occidentalis,Great Blue Heron (Great White)
wurher,Ardea herodias wardi x occidentalis,Great Blue Heron (Wurdemann's)
graher1,Ardea cinerea,Gray Heron
greegr,Ardea alba,Great Egret
greegr2,Ardea alba egretta,Great Egret (American)
litegr,Egretta garzetta,Little Egret
snoegr,Egretta thula,Snowy Egret
libher,Egretta caerulea,Little Blue Heron
x00615,Egretta thula x caerulea,Snowy Egret x Little Blue Heron (hybrid)
triher,Egretta tricolor,Tricolored Heron
redegr,Egretta rufescens,Reddish Egret
categr,Bubulcus ibis,Cattle Egret
whiegr1,Ardea/Egretta/Bubulcus sp.,white egret sp.
grnher,Butorides virescens,Green Heron
grnher1,Butorides virescens virescens/bahamensis,Green Heron (virescens/bahamensis)
bcnher,Nycticorax nycticorax,Black-crowned Night-Heron
bkcnih2,Nycticorax nycticorax hoactli,Black-crowned Night-Heron (American)
ycnher,Nyctanassa violacea,Yellow-crowned Night-Heron
y00610,Nycticorax nycticorax/Nyctanassa violacea,Black-crowned/Yellow-crowned Night-Heron
heron1,Ardeidae sp.,heron sp.
whiibi,Eudocimus albus,White Ibis
gloibi,Plegadis falcinellus,Glossy Ibis
whfibi,Plegadis chihi,White-faced Ibis
rosspo1,Platalea ajaja,Roseate Spoonbill
blkvul,Coragyps atratus,Black Vulture
turvul,Cathartes aura,Turkey Vulture
turvul2,Cathartes aura aura/septentrionalis,Turkey Vulture (Northern)
vultur1,Cathartidae sp.,new world vulture sp.
osprey,Pandion haliaetus,Osprey
osprey1,Pandion haliaetus carolinensis,Osprey (carolinensis)
bkskit1,Elanus caeruleus,Black-winged Kite
whtkit,Elanus leucurus,White-tailed Kite
hobkit,Chondrohierax uncinatus,Hook-billed Kite
swtkit,Elanoides forficatus,Swallow-tailed Kite
blheag1,Spizaetus tyrannus,Black Hawk-Eagle
goleag,Aquila chrysaetos,Golden Eagle
miskit,Ictinia mississippiensis,Mississippi Kite
wemhar1,Circus aeruginosus,Eurasian Marsh-Harrier
swahar1,Circus approximans,Swamp Harrier
norhar2,Circus hudsonius,Northern Harrier
norhar,Circus cyaneus/hudsonius,Hen/Northern Harrier
shshaw,Accipiter striatus,Sharp-shinned Hawk
shshaw2,Accipiter striatus [velox Group],Sharp-shinned Hawk (Northern)
coohaw,Accipiter cooperii,Cooper's Hawk
y00612,Accipiter striatus/cooperii,Sharp-shinned/Cooper's Hawk
norgos,Accipiter gentilis,Northern Goshawk
norgos2,Accipiter gentilis atricapillus/laingi,Northern Goshawk (American)
y00666,Accipiter cooperii/gentilis,Cooper's Hawk/Northern Goshawk
accipi,Accipiter sp.,Accipiter sp.
baleag,Haliaeetus leucocephalus,Bald Eagle
whteag,Haliaeetus albicilla,White-tailed Eagle
crahaw,Geranospiza caerulescens,Crane Hawk
comblh1,Buteogallus anthracinus,Common Black Hawk
hrshaw,Parabuteo unicinctus,Harris's Hawk
whthaw,Geranoaetus albicaudatus,White-tailed Hawk
gryhaw2,Buteo plagiatus,Gray Hawk
reshaw,Buteo lineatus,Red-shouldered Hawk
reshaw5,Buteo lineatus [lineatus Group],Red-shouldered Hawk (lineatus Group)
reshaw2,Buteo lineatus extimus,Red-shouldered Hawk (extimus)
reshaw4,Buteo lineatus elegans,Red-shouldered Hawk (elegans)
brwhaw,Buteo platypterus,Broad-winged Hawk
brwhaw1,Buteo platypterus platypterus,Broad-winged Hawk (Northern)
shthaw,Buteo brachyurus,Short-tailed Hawk
swahaw,Buteo swainsoni,Swainson's Hawk
zothaw,Buteo albonotatus,Zone-tailed Hawk
rethaw,Buteo jamaicensis,Red-tailed Hawk
wrthaw1,Buteo jamaicensis calurus/alascensis,Red-tailed Hawk (calurus/alascensis)
erthaw1,Buteo jamaicensis borealis,Red-tailed Hawk (borealis)
rethaw4,Buteo jamaicensis abieticola,Red-tailed Hawk (abieticola)
hrthaw1,Buteo jamaicensis harlani,Red-tailed Hawk (Harlan's)
krthaw1,Buteo jamaicensis kriderii,Red-tailed Hawk (Krider's)
rethaw2,Buteo jamaicensis jamaicensis,Red-tailed Hawk (jamaicensis)
rethaw3,Buteo jamaicensis solitudinis,Red-tailed Hawk (solitudinis)
rolhaw,Buteo lagopus,Rough-legged Hawk
ferhaw,Buteo regalis,Ferruginous Hawk
combuz1,Buteo buteo,Common Buzzard
buteo,Buteo sp.,Buteo sp.
y00221,Buteo/eagle sp.,Buteo/eagle sp.
hawk,Accipitridae sp. (hawk sp.),hawk sp.
eagle1,Accipitridae sp. (eagle sp.),eagle sp.
brnowl,Tyto alba,Barn Owl
wesowl1,Megascops kennicottii,Western Screech-Owl
easowl1,Megascops asio,Eastern Screech-Owl
eassco1,Megascops asio [asio Group],Eastern Screech-Owl (Northern)
screec1,Megascops sp.,screech-owl sp.
grhowl,Bubo virginianus,Great Horned Owl
grhowl1,Bubo virginianus [virginianus Group],Great Horned Owl (Great Horned)
snoowl1,Bubo scandiacus,Snowy Owl
nohowl,Surnia ulula,Northern Hawk Owl
nopowl,Glaucidium gnoma,Northern Pygmy-Owl
moupyo1,Glaucidium gnoma gnoma,Northern Pygmy-Owl (Mountain)
norpyo1,Glaucidium gnoma [californicum Group],Northern Pygmy-Owl (Pacific)
norpyo2,Glaucidium gnoma pinicola,Northern Pygmy-Owl (Rocky Mts.)
fepowl,Glaucidium brasilianum,Ferruginous Pygmy-Owl
burowl,Athene cunicularia,Burrowing Owl
motowl,Ciccaba virgata,Mottled Owl
spoowl,Strix occidentalis,Spotted Owl
brdowl,Strix varia,Barred Owl
x00439,Strix occidentalis x varia,Spotted x Barred Owl (hybrid)
grgowl,Strix nebulosa,Great Gray Owl
loeowl,Asio otus,Long-eared Owl
sheowl,Asio flammeus,Short-eared Owl
borowl,Aegolius funereus,Boreal Owl
nswowl,Aegolius acadicus,Northern Saw-whet Owl
owl1,Strigiformes sp.,owl sp.
cittro1,Trogon citreolus,Citreoline Trogon
eletro,Trogon elegans,Elegant Trogon
rucmot1,Momotus mexicanus,Russet-crowned Motmot
rinkin1,Megaceryle torquata,Ringed Kingfisher
belkin1,Megaceryle alcyon,Belted Kingfisher
grnkin,Chloroceryle americana,Green Kingfisher
kingfi1,Alcedinidae sp.,kingfisher sp.
wilsap,Sphyrapicus thyroideus,Williamson's Sapsucker
yebsap,Sphyrapicus varius,Yellow-bellied Sapsucker
rensap,Sphyrapicus nuchalis,Red-naped Sapsucker
y00019,Sphyrapicus varius/nuchalis,Yellow-bellied/Red-naped Sapsucker
rebsap,Sphyrapicus ruber,Red-breasted Sapsucker
x00712,Sphyrapicus varius x ruber,Yellow-bellied x Red-breasted Sapsucker (hybrid)
rnxsap1,Sphyrapicus nuchalis x ruber,Red-naped x Red-breasted Sapsucker (hybrid)
sapsuc,Sphyrapicus sp.,sapsucker sp.
lewwoo,Melanerpes lewis,Lewis's Woodpecker
rehwoo,Melanerpes erythrocephalus,Red-headed Woodpecker
acowoo,Melanerpes formicivorus,Acorn Woodpecker
yefwoo1,Melanerpes flavifrons,Yellow-fronted Woodpecker
gocwoo1,Melanerpes chrysogenys,Golden-cheeked Woodpecker
gilwoo,Melanerpes uropygialis,Gila Woodpecker
gofwoo,Melanerpes aurifrons,Golden-fronted Woodpecker
rebwoo,Melanerpes carolinus,Red-bellied Woodpecker
attwoo1,Picoides dorsalis,American Three-toed Woodpecker
attwoo2,Picoides dorsalis dorsalis,American Three-toed Woodpecker (Rocky Mts.)
attwoo3,Picoides dorsalis fasciatus,American Three-toed Woodpecker (Northwest)
attwoo4,Picoides dorsalis bacatus,American Three-toed Woodpecker (Eastern)
bkbwoo,Picoides arcticus,Black-backed Woodpecker
y00617,Picoides dorsalis/arcticus,American Three-toed/Black-backed Woodpecker
dowwoo,Dryobates pubescens,Downy Woodpecker
nutwoo,Dryobates nuttallii,Nuttall's Woodpecker
labwoo,Dryobates scalaris,Ladder-backed Woodpecker
x00620,Dryobates nuttallii x scalaris,Nuttall's x Ladder-backed Woodpecker (hybrid)
recwoo,Dryobates borealis,Red-cockaded Woodpecker
haiwoo,Dryobates villosus,Hairy Woodpecker
y00322,Dryobates pubescens/villosus,Downy/Hairy Woodpecker
whhwoo,Dryobates albolarvatus,White-headed Woodpecker
strwoo,Dryobates stricklandi,Strickland's Woodpecker
ariwoo,Dryobates arizonae,Arizona Woodpecker
pabwoo1,Campephilus guatemalensis,Pale-billed Woodpecker
pilwoo,Dryocopus pileatus,Pileated Woodpecker
norfli,Colaptes auratus,Northern Flicker
yesfli,Colaptes auratus auratus/luteus,Northern Flicker (Yellow-shafted)
resfli,Colaptes auratus [cafer Group],Northern Flicker (Red-shafted)
rxyfli,Colaptes auratus luteus x cafer,Northern Flicker (Yellow-shafted x Red-shafted)
gilfli,Colaptes chrysoides,Gilded Flicker
y00323,Colaptes auratus/chrysoides,Northern/Gilded Flicker
woodpe1,Picidae sp.,woodpecker sp.
baffal1,Micrastur ruficollis,Barred Forest-Falcon
crecar1,Caracara plancus [cheriway Group],Crested Caracara (Northern)
leskes1,Falco naumanni,Lesser Kestrel
amekes,Falco sparverius,American Kestrel
amekes1,Falco sparverius [sparverius Group],American Kestrel (Northern)
merlin,Falco columbarius,Merlin
merlin1,Falco columbarius [aesalon Group],Merlin (Eurasian)
taimer1,Falco columbarius columbarius,Merlin (Taiga)
pramer1,Falco columbarius richardsonii,Merlin (Prairie)
blkmer1,Falco columbarius suckleyi,Merlin (Black)
aplfal,Falco femoralis,Aplomado Falcon
gyrfal,Falco rusticolus,Gyrfalcon
perfal,Falco peregrinus,Peregrine Falcon
perfal1,Falco peregrinus anatum,Peregrine Falcon (North American)
tupfal1,Falco peregrinus calidus/tundrius,Peregrine Falcon (Tundra)
prafal,Falco mexicanus,Prairie Falcon
smafal,Falco sp. (small falcon sp.),small falcon sp.
falcon,Falco sp.,falcon sp.
diurap1,Accipitriformes/Falconiformes sp.,diurnal raptor sp.
cockat,Nymphicus hollandicus,Cockatiel
eclpar,Eclectus roratus,Eclectus Parrot
rorpar,Psittacula krameri,Rose-ringed Parakeet
budger,Melopsittacus undulatus,Budgerigar
peflov,Agapornis roseicollis,Rosy-faced Lovebird
yeclov,Agapornis personatus,Yellow-collared Lovebird
lovebi1,Agapornis sp.,lovebird sp.
monpar,Myiopsitta monachus,Monk Parakeet
monpar1,Myiopsitta monachus [monachus Group],Monk Parakeet (Monk)
whwpar,Brotogeris versicolurus,White-winged Parakeet
yecpar,Brotogeris chiriri,Yellow-chevroned Parakeet
recpar,Amazona viridigenalis,Red-crowned Parrot
yehpar,Amazona oratrix,Yellow-headed Parrot
ywcpar,Amazona ochrocephala,Yellow-crowned Parrot
orwpar,Amazona amazonica,Orange-winged Parrot
orfpar,Eupsittula canicularis,Orange-fronted Parakeet
bkhpar,Aratinga nenday,Nanday Parakeet
chfmac1,Ara severus,Chestnut-fronted Macaw
bucpar,Thectocercus acuticaudatus,Blue-crowned Parakeet
grnpar,Psittacara holochlorus,Green Parakeet
mitpar,Psittacara mitratus,Mitred Parakeet
rempar,Psittacara erythrogenys,Red-masked Parakeet
whepar2,Psittacara leucophthalmus,White-eyed Parakeet
hispar,Psittacara chloropterus,Hispaniolan Parakeet
parake,Psittaciformes sp. (parakeet sp.),parakeet sp.
parrot,Psittaciformes sp. (parrot sp.),parrot sp.
ivbwoo1,Xiphorhynchus flavigaster,Ivory-billed Woodcreeper
mastit1,Tityra semifasciata,Masked Tityra
secfly1,Leptopogon amaurocephalus,Sepia-capped Flycatcher
cotfly1,Todirostrum cinereum,Common Tody-Flycatcher
nobtyr,Camptostoma imberbe,Northern Beardless-Tyrannulet
olsfly,Contopus cooperi,Olive-sided Flycatcher
grepew,Contopus pertinax,Greater Pewee
wewpew,Contopus sordidulus,Western Wood-Pewee
eawpew,Contopus virens,Eastern Wood-Pewee
yebfly,Empidonax flaviventris,Yellow-bellied Flycatcher
acafly,Empidonax virescens,Acadian Flycatcher
aldfly,Empidonax alnorum,Alder Flycatcher
wilfly,Empidonax traillii,Willow Flycatcher
wilfly1,Empidonax traillii traillii,Willow Flycatcher (Eastern)
y00324,Empidonax alnorum/traillii,Alder/Willow Flycatcher (Traill's Flycatcher)
leafly,Empidonax minimus,Least Flycatcher
hamfly,Empidonax hammondii,Hammond's Flycatcher
gryfly,Empidonax wrightii,Gray Flycatcher
dusfly,Empidonax oberholseri,Dusky Flycatcher
pasfly,Empidonax difficilis,Pacific-slope Flycatcher
corfly,Empidonax occidentalis,Cordilleran Flycatcher
wesfly,Empidonax difficilis/occidentalis,Pacific-slope/Cordilleran Flycatcher (Western Flycatcher)
empido,Empidonax sp.,Empidonax sp.
blkpho,Sayornis nigricans,Black Phoebe
easpho,Sayornis phoebe,Eastern Phoebe
x00621,Sayornis nigricans x phoebe,Black x Eastern Phoebe (hybrid)
saypho,Sayornis saya,Say's Phoebe
phoebe1,Sayornis sp.,phoebe sp.
verfly,Pyrocephalus rubinus,Vermilion Flycatcher
ducfly,Myiarchus tuberculifer,Dusky-capped Flycatcher
astfly,Myiarchus cinerascens,Ash-throated Flycatcher
nutfly,Myiarchus nuttingi,Nutting's Flycatcher
grcfly,Myiarchus crinitus,Great Crested Flycatcher
bncfly,Myiarchus tyrannulus,Brown-crested Flycatcher
grekis,Pitangus sulphuratus,Great Kiskadee
socfly1,Myiozetetes similis,Social Flycatcher
trokin,Tyrannus melancholicus,Tropical Kingbird
coukin,Tyrannus couchii,Couch's Kingbird
caskin,Tyrannus vociferans,Cassin's Kingbird
weskin,Tyrannus verticalis,Western Kingbird
y00619,Tyrannus vociferans/verticalis,Cassin's/Western Kingbird
easkin,Tyrannus tyrannus,Eastern Kingbird
grykin,Tyrannus dominicensis,Gray Kingbird
sctfly,Tyrannus forficatus,Scissor-tailed Flycatcher
flycat1,Tyrannidae sp.,flycatcher sp. (Tyrannidae sp.)
golvir1,Vireo hypochryseus,Golden Vireo
bkcvir1,Vireo atricapilla,Black-capped Vireo
whevir,Vireo griseus,White-eyed Vireo
belvir,Vireo bellii,Bell's Vireo
belvir1,Vireo bellii bellii/medius,Bell's Vireo (Eastern)
belvir2,Vireo bellii arizonae,Bell's Vireo (Arizona)
gryvir,Vireo vicinior,Gray Vireo
hutvir,Vireo huttoni,Hutton's Vireo
hutvir1,Vireo huttoni [huttoni Group],Hutton's Vireo (Pacific)
yetvir,Vireo flavifrons,Yellow-throated Vireo
casvir,Vireo cassinii,Cassin's Vireo
buhvir,Vireo solitarius,Blue-headed Vireo
plsvir,Vireo plumbeus,Plumbeous Vireo
y00484,Vireo cassinii/plumbeus,Cassin's/Plumbeous Vireo
solvir1,Vireo cassinii/solitarius/plumbeus,solitary vireo sp.
phivir,Vireo philadelphicus,Philadelphia Vireo
warvir,Vireo gilvus,Warbling Vireo
eawvir1,Vireo gilvus gilvus,Warbling Vireo (Eastern)
reevir1,Vireo olivaceus,Red-eyed Vireo
reevir,Vireo olivaceus/chivi,Red-eyed/Chivi Vireo
yegvir,Vireo flavoviridis,Yellow-green Vireo
bkwvir,Vireo altiloquus,Black-whiskered Vireo
vireo1,Vireo sp.,vireo sp.
brnshr,Lanius cristatus,Brown Shrike
logshr,Lanius ludovicianus,Loggerhead Shrike
norshr4,Lanius borealis,Northern Shrike
norshr3,Lanius borealis borealis,Northern Shrike (American)
y00620,Lanius ludovicianus/borealis,Loggerhead/Northern Shrike
norshr,Lanius borealis/excubitor,Northern/Great Gray Shrike
shrike,Lanius sp.,shrike sp.
gryjay,Perisoreus canadensis,Canada Jay
gryjay1,Perisoreus canadensis [canadensis Group],Canada Jay (Boreal)
gryjay3,Perisoreus canadensis obscurus/griseus,Canada Jay (Pacific)
btmjay,Calocitta colliei,Black-throated Magpie-Jay
wtmjay1,Calocitta formosa,White-throated Magpie-Jay
brnjay,Psilorhinus morio,Brown Jay
grnjay,Cyanocorax yncas,Green Jay
pinjay,Gymnorhinus cyanocephalus,Pinyon Jay
stejay,Cyanocitta stelleri,Steller's Jay
blujay,Cyanocitta cristata,Blue Jay
x00622,Cyanocitta stelleri x cristata,Steller's x Blue Jay (hybrid)
flsjay,Aphelocoma coerulescens,Florida Scrub-Jay
issjay,Aphelocoma insularis,Island Scrub-Jay
cowscj1,Aphelocoma californica,California Scrub-Jay
wooscj2,Aphelocoma woodhouseii,Woodhouse's Scrub-Jay
wooscj1,Aphelocoma woodhouseii [woodhouseii Group],Woodhouse's Scrub-Jay (Woodhouse's)
wesjay,Aphelocoma californica/woodhouseii,California/Woodhouse's Scrub-Jay
mexjay4,Aphelocoma wollweberi,Mexican Jay
mexjay,Aphelocoma wollweberi/ultramarina,Mexican/Transvolcanic Jay
scrjay,Aphelocoma sp.,Aphelocoma sp.
bkbmag1,Pica hudsonia,Black-billed Magpie
yebmag,Pica nuttalli,Yellow-billed Magpie
clanut,Nucifraga columbiana,Clark's Nutcracker
houcro1,Corvus splendens,House Crow
amecro,Corvus brachyrhynchos,American Crow
fiscro,Corvus ossifragus,Fish Crow
chirav,Corvus cryptoleucus,Chihuahuan Raven
crow,Corvus sp. (crow sp.),crow sp.
comrav,Corvus corax,Common Raven
raven,Corvus sp. (raven sp.),raven sp.
carchi,Poecile carolinensis,Carolina Chickadee
bkcchi,Poecile atricapillus,Black-capped Chickadee
x00195,Poecile carolinensis x atricapillus,Carolina x Black-capped Chickadee (hybrid)
y00033,Poecile carolinensis/atricapillus,Carolina/Black-capped Chickadee
mouchi,Poecile gambeli,Mountain Chickadee
x00623,Poecile atricapillus x gambeli,Black-capped x Mountain Chickadee (hybrid)
chbchi,Poecile rufescens,Chestnut-backed Chickadee
borchi2,Poecile hudsonicus,Boreal Chickadee
gyhchi,Poecile cinctus,Gray-headed Chickadee
chicka1,Poecile sp.,chickadee sp.
britit,Baeolophus wollweberi,Bridled Titmouse
oaktit,Baeolophus inornatus,Oak Titmouse
juntit1,Baeolophus ridgwayi,Juniper Titmouse
y00326,Baeolophus inornatus/ridgwayi,Oak/Juniper Titmouse (Plain Titmouse)
tuftit,Baeolophus bicolor,Tufted Titmouse
blctit4,Baeolophus atricristatus,Black-crested Titmouse
bcxtit1,Baeolophus bicolor x atricristatus,Tufted x Black-crested Titmouse (hybrid)
y00327,Baeolophus bicolor/atricristatus,Tufted/Black-crested Titmouse
gretit3,Parus major [major Group],Great Tit (Great)
verdin,Auriparus flaviceps,Verdin
horlar,Eremophila alpestris,Horned Lark
horlar3,Eremophila alpestris [alpestris Group],Horned Lark (Eastern dark Group)
horlar1,Eremophila alpestris [strigata Group],Horned Lark (Western rufous Group)
skylar,Alauda arvensis,Eurasian Skylark
nrwswa,Stelgidopteryx serripennis,Northern Rough-winged Swallow
purmar,Progne subis,Purple Martin
purmar1,Progne subis subis/arboricola,Purple Martin (subis/arboricola)
martin1,Progne sp.,new world martin sp. (Progne sp.)
treswa,Tachycineta bicolor,Tree Swallow
manswa1,Tachycineta albilinea,Mangrove Swallow
vigswa,Tachycineta thalassina,Violet-green Swallow
banswa,Riparia riparia,Bank Swallow
barswa,Hirundo rustica,Barn Swallow
barswa2,Hirundo rustica rustica,Barn Swallow (White-bellied)
barswa5,Hirundo rustica erythrogaster,Barn Swallow (American)
cliswa,Petrochelidon pyrrhonota,Cliff Swallow
cavswa,Petrochelidon fulva,Cave Swallow
cavswa3,Petrochelidon fulva pallida,Cave Swallow (Texas)
swallo,Hirundinidae sp.,swallow sp.
revbul,Pycnonotus cafer,Red-vented Bulbul
rewbul,Pycnonotus jocosus,Red-whiskered Bulbul
woowar,Phylloscopus sibilatrix,Wood Warbler
palwar5,Phylloscopus proregulus,Pallas's Leaf Warbler
bushti,Psaltriparus minimus,Bushtit
bushti1,Psaltriparus minimus [minimus Group],Bushtit (Pacific)
bushti2,Psaltriparus minimus plumbeus,Bushtit (Interior)
wrenti,Chamaea fasciata,Wrentit
swiwhe1,Zosterops simplex,Swinhoe's White-eye
warwhe1,Zosterops japonicus,Warbling White-eye
reblei,Leiothrix lutea,Red-billed Leiothrix
ruckin,Corthylio calendula,Ruby-crowned Kinglet
gockin,Regulus satrapa,Golden-crowned Kinglet
rebnut,Sitta canadensis,Red-breasted Nuthatch
whbnut,Sitta carolinensis,White-breasted Nuthatch
whbnut2,Sitta carolinensis carolinensis,White-breasted Nuthatch (Eastern)
pygnut,Sitta pygmaea,Pygmy Nuthatch
bnhnut,Sitta pusilla,Brown-headed Nuthatch
nuthat1,Sitta sp.,nuthatch sp.
brncre,Certhia americana,Brown Creeper
buggna,Polioptila caerulea,Blue-gray Gnatcatcher
buggna1,Polioptila caerulea caerulea,Blue-gray Gnatcatcher (caerulea)
bktgna,Polioptila melanura,Black-tailed Gnatcatcher
calgna,Polioptila californica,California Gnatcatcher
bkcgna,Polioptila nigriceps,Black-capped Gnatcatcher
rocwre,Salpinctes obsoletus,Rock Wren
rocwre1,Salpinctes obsoletus [obsoletus Group],Rock Wren (Northern)
canwre,Catherpes mexicanus,Canyon Wren
houwre,Troglodytes aedon,House Wren
houwre1,Troglodytes aedon [aedon Group],House Wren (Northern)
houwre4,Troglodytes aedon [musculus Group],House Wren (Southern)
pacwre1,Troglodytes pacificus,Pacific Wren
winwre2,Troglodytes pacificus [pacificus Group],Pacific Wren (pacificus Group)
winwre3,Troglodytes hiemalis,Winter Wren
winwre,Troglodytes pacificus/hiemalis,Pacific/Winter Wren
sedwre1,Cistothorus stellaris,Sedge Wren
sedwre,Cistothorus platensis,Grass Wren
marwre,Cistothorus palustris,Marsh Wren
marwre1,Cistothorus palustris [paludicola Group],Marsh Wren (paludicola Group)
marwre2,Cistothorus palustris [plesius Group],Marsh Wren (plesius Group)
marwre3,Cistothorus palustris [palustris Group],Marsh Wren (palustris Group)
carwre,Thryothorus ludovicianus,Carolina Wren
carwre1,Thryothorus ludovicianus [ludovicianus Group],Carolina Wren (Northern)
bewwre,Thryomanes bewickii,Bewick's Wren
bewwre3,Thryomanes bewickii bewickii,Bewick's Wren (bewickii)
bewwre1,Thryomanes bewickii [spilurus Group],Bewick's Wren (spilurus Group)
spowre1,Campylorhynchus gularis,Spotted Wren
cacwre,Campylorhynchus brunneicapillus,Cactus Wren
hapwre1,Pheugopedius felix,Happy Wren
sinwre1,Thryophilus sinaloa,Sinaloa Wren
wren1,Troglodytidae sp.,wren sp.
amedip,Cinclus mexicanus,American Dipper
hilmyn,Gracula religiosa,Common Hill Myna
eursta,Sturnus vulgaris,European Starling
commyn,Acridotheres tristis,Common Myna
supsta1,Lamprotornis superbus,Superb Starling
blumoc,Melanotis caerulescens,Blue Mockingbird
grycat,Dumetella carolinensis,Gray Catbird
cubthr,Toxostoma curvirostre,Curve-billed Thrasher
brnthr,Toxostoma rufum,Brown Thrasher
lobthr,Toxostoma longirostre,Long-billed Thrasher
benthr,Toxostoma bendirei,Bendire's Thrasher
y00330,Toxostoma curvirostre/bendirei,Curve-billed/Bendire's Thrasher
calthr,Toxostoma redivivum,California Thrasher
lecthr,Toxostoma lecontei,LeConte's Thrasher
crithr,Toxostoma crissale,Crissal Thrasher
sagthr,Oreoscoptes montanus,Sage Thrasher
bahmoc,Mimus gundlachii,Bahama Mockingbird
lotmoc1,Mimus longicaudatus,Long-tailed Mockingbird
normoc,Mimus polyglottos,Northern Mockingbird
easblu,Sialia sialis,Eastern Bluebird
easblu1,Sialia sialis sialis/bermudensis,Eastern Bluebird (Eastern)
wesblu,Sialia mexicana,Western Bluebird
moublu,Sialia currucoides,Mountain Bluebird
bluebi,Sialia sp.,bluebird sp.
towsol,Myadestes townsendi,Townsend's Solitaire
varthr,Ixoreus naevius,Varied Thrush
veery,Catharus fuscescens,Veery
gycthr,Catharus minimus,Gray-cheeked Thrush
bicthr,Catharus bicknelli,Bicknell's Thrush
swathr,Catharus ustulatus,Swainson's Thrush
swathr2,Catharus ustulatus [swainsoni Group],Swainson's Thrush (Olive-backed)
herthr,Catharus guttatus,Hermit Thrush
herthr3,Catharus guttatus faxoni/crymophilus,Hermit Thrush (faxoni/crymophilus)
cathus,Catharus sp.,Catharus sp.
woothr,Hylocichla mustelina,Wood Thrush
misthr1,Turdus viscivorus,Mistle Thrush
redwin,Turdus iliacus,Redwing
eurbla,Turdus merula,Eurasian Blackbird
whtrob1,Turdus assimilis,White-throated Thrush
clcrob,Turdus grayi,Clay-colored Thrush
amerob,Turdus migratorius,American Robin
amerob3,Turdus migratorius nigrideus,American Robin (nigrideus)
amerob1,Turdus migratorius [migratorius Group],American Robin (migratorius Group)
rubrob,Turdus rufopalliatus,Rufous-backed Robin
rubrob1,Turdus rufopalliatus rufopalliatus,Rufous-backed Robin (Rufous-backed)
fieldf,Turdus pilaris,Fieldfare
dusthr2,Turdus eunomus,Dusky Thrush
thrush1,Turdidae sp.,thrush sp.
whrsha,Copsychus malabaricus,White-rumped Shama
eurrob1,Erithacus rubecula,European Robin
bohwax,Bombycilla garrulus,Bohemian Waxwing
cedwax,Bombycilla cedrorum,Cedar Waxwing
waxwin,Bombycilla garrulus/cedrorum,Bohemian/Cedar Waxwing
grsfly1,Ptiliogonys cinereus,Gray Silky-flycatcher
phaino,Phainopepla nitens,Phainopepla
oliwar,Peucedramus taeniatus,Olive Warbler
orabis1,Euplectes franciscanus,Northern Red Bishop
redbis,Euplectes orix,Southern Red Bishop
zebfin1,Taeniopygia guttata guttata,Zebra Finch (Lesser Sundas)
broman1,Spermestes cucullata,Bronze Mannikin
afrsil1,Euodice cantans,African Silverbill
javspa,Padda oryzivora,Java Sparrow
nutman,Lonchura punctulata,Scaly-breasted Munia
chemun,Lonchura atricapilla,Chestnut Munia
orcwax,Estrilda melpoda,Orange-cheeked Waxbill
comwax,Estrilda astrild,Common Waxbill
redava,Amandava amandava,Red Avadavat
bubcor1,Uraeginthus angolensis,Southern Cordonbleu
rebfir2,Lagonosticta senegala,Red-billed Firefinch
pitwhy,Vidua macroura,Pin-tailed Whydah
houspa,Passer domesticus,House Sparrow
eutspa,Passer montanus,Eurasian Tree Sparrow
x00754,Passer domesticus x montanus,House x Eurasian Tree Sparrow (hybrid)
y00597,Motacilla flava/tschutschensis,Western/Eastern Yellow Wagtail
watpip1,Anthus spinoletta,Water Pipit
amepip,Anthus rubescens,American Pipit
amepip2,Anthus rubescens [rubescens Group],American Pipit (rubescens Group)
sprpip,Anthus spragueii,Sprague's Pipit
pipit1,Anthus sp.,pipit sp.
comcha,Fringilla coelebs,Common Chaffinch
brambl,Fringilla montifringilla,Brambling
evegro,Coccothraustes vespertinus,Evening Grosbeak
comros,Carpodacus erythrinus,Common Rosefinch
pingro,Pinicola enucleator,Pine Grosbeak
gcrfin,Leucosticte tephrocotis,Gray-crowned Rosy-Finch
gycrof4,Leucosticte tephrocotis [tephrocotis Group],Gray-crowned Rosy-Finch (Gray-crowned)
bkrfin,Leucosticte atrata,Black Rosy-Finch
bcrfin,Leucosticte australis,Brown-capped Rosy-Finch
rosfin,Leucosticte sp.,rosy-finch sp.
houfin,Haemorhous mexicanus,House Finch
purfin,Haemorhous purpureus,Purple Finch
purfin1,Haemorhous purpureus purpureus,Purple Finch (Eastern)
purfin2,Haemorhous purpureus californicus,Purple Finch (Western)
y00338,Haemorhous mexicanus/purpureus,House/Purple Finch
casfin,Haemorhous cassinii,Cassin's Finch
eurgre1,Chloris chloris,European Greenfinch
yefcan,Crithagra mozambica,Yellow-fronted Canary
comred,Acanthis flammea,Common Redpoll
comred3,Acanthis flammea flammea,Common Redpoll (flammea)
hoared,Acanthis hornemanni,Hoary Redpoll
x00625,Acanthis flammea x hornemanni,Common x Hoary Redpoll (hybrid)
redpol,Acanthis flammea/hornemanni,Common/Hoary Redpoll
redcro,Loxia curvirostra,Red Crossbill
redcro1,Loxia curvirostra (type 1),Red Crossbill (Appalachian or type 1)
whwcro,Loxia leucoptera,White-winged Crossbill
crossb,Loxia sp.,crossbill sp.
eurgol,Carduelis carduelis,European Goldfinch
comcan,Serinus canaria,Island Canary
islcan1,Serinus canaria (Domestic type),Island Canary (Domestic type)
canary1,Serinus sp.,Serinus sp.
pinsis,Spinus pinus,Pine Siskin
blhsis1,Spinus notatus,Black-headed Siskin
lesgol,Spinus psaltria,Lesser Goldfinch
lawgol,Spinus lawrencei,Lawrence's Goldfinch
amegfi,Spinus tristis,American Goldfinch
goldfi,Spinus sp. (goldfinch sp.),new world goldfinch sp.
spinus1,Spinus sp.,Spinus sp.
y00631,Acanthis/Spinus sp.,Acanthis/Spinus sp.
finch1,Fringillidae sp.,finch sp.
laplon,Calcarius lapponicus,Lapland Longspur
chclon,Calcarius ornatus,Chestnut-collared Longspur
smilon,Calcarius pictus,Smith's Longspur
mcclon,Rhynchophanes mccownii,Thick-billed Longspur
snobun,Plectrophenax nivalis,Snow Bunting
mckbun,Plectrophenax hyperboreus,McKay's Bunting
yebbun,Emberiza aureola,Yellow-breasted Bunting
rusbun,Emberiza rustica,Rustic Bunting
grybun,Emberiza variabilis,Gray Bunting
ruwspa,Peucaea carpalis,Rufous-winged Sparrow
botspa,Peucaea botterii,Botteri's Sparrow
casspa,Peucaea cassinii,Cassin's Sparrow
bacspa,Peucaea aestivalis,Bachman's Sparrow
graspa,Ammodramus savannarum,Grasshopper Sparrow
olispa,Arremonops rufivirgatus,Olive Sparrow
chispa,Spizella passerina,Chipping Sparrow
clcspa,Spizella pallida,Clay-colored Sparrow
x00198,Spizella passerina x pallida,Chipping x Clay-colored Sparrow (hybrid)
bkcspa,Spizella atrogularis,Black-chinned Sparrow
fiespa,Spizella pusilla,Field Sparrow
brespa,Spizella breweri,Brewer's Sparrow
x00201,Spizella atrogularis x breweri,Black-chinned x Brewer's Sparrow (hybrid)
bktspa,Amphispiza bilineata,Black-throated Sparrow
larspa,Chondestes grammacus,Lark Sparrow
larbun,Calamospiza melanocorys,Lark Bunting
amtspa,Spizelloides arborea,American Tree Sparrow
foxspa,Passerella iliaca,Fox Sparrow
foxsp2,Passerella iliaca [unalaschcensis Group],Fox Sparrow (Sooty)
foxsp4,Passerella iliaca [megarhyncha Group],Fox Sparrow (Thick-billed)
foxsp3,Passerella iliaca [schistacea Group],Fox Sparrow (Slate-colored)
foxsp1,Passerella iliaca iliaca/zaboria,Fox Sparrow (Red)
daejun,Junco hyemalis,Dark-eyed Junco
slcjun,Junco hyemalis hyemalis/carolinensis,Dark-eyed Junco (Slate-colored)
daejun1,Junco hyemalis cismontanus,Dark-eyed Junco (cismontanus)
orejun,Junco hyemalis [oreganus Group],Dark-eyed Junco (Oregon)
pisjun,Junco hyemalis mearnsi,Dark-eyed Junco (Pink-sided)
whwjun,Junco hyemalis aikeni,Dark-eyed Junco (White-winged)
gyhjun,Junco hyemalis caniceps,Dark-eyed Junco (Gray-headed)
daejun8,Junco hyemalis oreganus x caniceps,Dark-eyed Junco (Oregon x Gray-headed)
daejun4,Junco hyemalis mearnsi x caniceps,Dark-eyed Junco (Pink-sided x Gray-headed)
rebjun1,Junco hyemalis dorsalis,Dark-eyed Junco (Red-backed)
yeejun,Junco phaeonotus,Yellow-eyed Junco
y00333,Junco hyemalis/phaeonotus,Dark-eyed/Yellow-eyed Junco
whcspa,Zonotrichia leucophrys,White-crowned Sparrow
ewcspa1,Zonotrichia leucophrys leucophrys,White-crowned Sparrow (leucophrys)
gwcspa,Zonotrichia leucophrys gambelii,White-crowned Sparrow (Gambel's)
whcspa3,Zonotrichia leucophrys nuttalli/pugetensis,White-crowned Sparrow (Yellow-billed)
nwcspa,Zonotrichia leucophrys nuttalli,White-crowned Sparrow (nuttalli)
pswspa1,Zonotrichia leucophrys pugetensis,White-crowned Sparrow (pugetensis)
gocspa,Zonotrichia atricapilla,Golden-crowned Sparrow
x00053,Zonotrichia leucophrys x atricapilla,White-crowned x Golden-crowned Sparrow (hybrid)
harspa,Zonotrichia querula,Harris's Sparrow
whtspa,Zonotrichia albicollis,White-throated Sparrow
y00332,Zonotrichia leucophrys/albicollis,White-crowned/White-throated Sparrow
x00720,Zonotrichia atricapilla x albicollis,Golden-crowned x White-throated Sparrow (hybrid)
x00039,Junco hyemalis x Zonotrichia albicollis,Dark-eyed Junco x White-throated Sparrow (hybrid)
sagspa1,Artemisiospiza nevadensis,Sagebrush Sparrow
belspa2,Artemisiospiza belli,Bell's Sparrow
sagspa,Artemisiospiza nevadensis/belli,Sagebrush/Bell's Sparrow (Sage Sparrow)
vesspa,Pooecetes gramineus,Vesper Sparrow
lecspa,Ammospiza leconteii,LeConte's Sparrow
seaspa,Ammospiza maritima,Seaside Sparrow
nstspa,Ammospiza nelsoni,Nelson's Sparrow
nstspa2,Ammospiza nelsoni subvirgata,Nelson's Sparrow (Atlantic Coast)
shtspa,Ammospiza nelsoni/caudacuta,Nelson's/Saltmarsh Sparrow (Sharp-tailed Sparrow)
savspa,Passerculus sandwichensis,Savannah Sparrow
savspa4,Passerculus sandwichensis [sandwichensis Group],Savannah Sparrow (Savannah)
ipsspa,Passerculus sandwichensis princeps,Savannah Sparrow (Ipswich)
bldspa,Passerculus sandwichensis [guttatus Group],Savannah Sparrow (Belding's)
savspa3,Passerculus sandwichensis sanctorum,Savannah Sparrow (San Benito)
labspa,Passerculus sandwichensis rostratus/atratus,Savannah Sparrow (Large-billed)
baispa,Centronyx bairdii,Baird's Sparrow
henspa,Centronyx henslowii,Henslow's Sparrow
sonspa,Melospiza melodia,Song Sparrow
linspa,Melospiza lincolnii,Lincoln's Sparrow
swaspa,Melospiza georgiana,Swamp Sparrow
rcgspa1,Melozone kieneri,Rusty-crowned Ground-Sparrow
cantow,Melozone fusca,Canyon Towhee
whttow1,Melozone albicollis,White-throated Towhee
abetow,Melozone aberti,Abert's Towhee
y00331,Melozone fusca/aberti,Canyon/Abert's Towhee
caltow,Melozone crissalis,California Towhee
rucspa,Aimophila ruficeps,Rufous-crowned Sparrow
gnttow,Pipilo chlorurus,Green-tailed Towhee
spotow,Pipilo maculatus,Spotted Towhee
spotow1,Pipilo maculatus [oregonus Group],Spotted Towhee (oregonus Group)
spotow2,Pipilo maculatus [maculatus Group],Spotted Towhee (maculatus Group)
eastow,Pipilo erythrophthalmus,Eastern Towhee
eastow1,Pipilo erythrophthalmus erythrophthalmus/canaster,Eastern Towhee (Red-eyed)
y00226,Pipilo maculatus/erythrophthalmus,Spotted/Eastern Towhee (Rufous-sided Towhee)
towhee1,Melozone/Pipilo sp.,towhee sp.
yegfin1,Atlapetes luteoviridis,Yellow-green Brushfinch
sparro1,Passerellidae sp. (sparrow sp.),sparrow sp.
yebcha,Icteria virens,Yellow-breasted Chat
yebcha1,Icteria virens virens,Yellow-breasted Chat (virens)
yehbla,Xanthocephalus xanthocephalus,Yellow-headed Blackbird
boboli,Dolichonyx oryzivorus,Bobolink
wesmea,Sturnella neglecta,Western Meadowlark
easmea,Sturnella magna,Eastern Meadowlark
easmea2,Sturnella magna [magna Group],Eastern Meadowlark (Eastern)
meadow,Sturnella neglecta/magna,Western/Eastern Meadowlark
yewcac1,Cassiculus melanicterus,Yellow-winged Cacique
bkvori,Icterus wagleri,Black-vented Oriole
orcori,Icterus spurius,Orchard Oriole
orcori2,Icterus spurius spurius,Orchard Oriole (Orchard)
hooori,Icterus cucullatus,Hooded Oriole
hooori1,Icterus cucullatus [nelsoni Group],Hooded Oriole (nelsoni Group)
y00488,Icterus spurius/cucullatus,Orchard/Hooded Oriole
stbori,Icterus pustulatus,Streak-backed Oriole
bulori,Icterus bullockii,Bullock's Oriole
spbori,Icterus pectoralis,Spot-breasted Oriole
altori,Icterus gularis,Altamira Oriole
audori,Icterus graduacauda,Audubon's Oriole
audori1,Icterus graduacauda graduacauda/audubonii,Audubon's Oriole (Audubon's)
balori,Icterus galbula,Baltimore Oriole
x00013,Icterus bullockii x galbula,Bullock's x Baltimore Oriole (hybrid)
y00022,Icterus bullockii/galbula,Bullock's/Baltimore Oriole
scoori,Icterus parisorum,Scott's Oriole
oriole,Icterus sp.,new world oriole sp.
rewbla,Agelaius phoeniceus,Red-winged Blackbird
rewbla1,Agelaius phoeniceus [phoeniceus Group],Red-winged Blackbird (Red-winged)
rewbla2,Agelaius phoeniceus californicus/mailliardorum,Red-winged Blackbird (California Bicolored)
tribla,Agelaius tricolor,Tricolored Blackbird
tasbla,Agelaius humeralis,Tawny-shouldered Blackbird
shicow,Molothrus bonariensis,Shiny Cowbird
brocow,Molothrus aeneus,Bronzed Cowbird
bnhcow,Molothrus ater,Brown-headed Cowbird
y00336,Molothrus bonariensis/ater,Shiny/Brown-headed Cowbird
y00337,Molothrus aeneus/ater,Bronzed/Brown-headed Cowbird
rusbla,Euphagus carolinus,Rusty Blackbird
brebla,Euphagus cyanocephalus,Brewer's Blackbird
y00227,Euphagus carolinus/cyanocephalus,Rusty/Brewer's Blackbird
comgra,Quiscalus quiscula,Common Grackle
comgra1,Quiscalus quiscula quiscula/stonei,Common Grackle (Purple)
comgra2,Quiscalus quiscula versicolor,Common Grackle (Bronzed)
botgra,Quiscalus major,Boat-tailed Grackle
botgra1,Quiscalus major major,Boat-tailed Grackle (major)
botgra2,Quiscalus major torreyi/alabamensis,Boat-tailed Grackle (torreyi/alabamensis)
grtgra,Quiscalus mexicanus,Great-tailed Grackle
grackl,Quiscalus sp.,grackle sp.
oribla1,Gymnomystax mexicanus,Oriole Blackbird
yewbla2,Agelasticus thilius,Yellow-winged Blackbird
blackb,Icteridae sp.,blackbird sp.
ovenbi1,Seiurus aurocapilla,Ovenbird
woewar1,Helmitheros vermivorum,Worm-eating Warbler
louwat,Parkesia motacilla,Louisiana Waterthrush
norwat,Parkesia noveboracensis,Northern Waterthrush
y00598,Parkesia motacilla/noveboracensis,Louisiana/Northern Waterthrush
gowwar,Vermivora chrysoptera,Golden-winged Warbler
buwwar,Vermivora cyanoptera,Blue-winged Warbler
brewar,Vermivora chrysoptera x cyanoptera (F1 hybrid),Brewster's Warbler (hybrid)
bawwar,Mniotilta varia,Black-and-white Warbler
prowar,Protonotaria citrea,Prothonotary Warbler
swawar,Limnothlypis swainsonii,Swainson's Warbler
tenwar,Leiothlypis peregrina,Tennessee Warbler
orcwar,Leiothlypis celata,Orange-crowned Warbler
orcwar1,Leiothlypis celata celata,Orange-crowned Warbler (celata)
orcwar3,Leiothlypis celata lutescens,Orange-crowned Warbler (lutescens)
lucwar,Leiothlypis luciae,Lucy's Warbler
naswar,Leiothlypis ruficapilla,Nashville Warbler
naswar1,Leiothlypis ruficapilla ruficapilla,Nashville Warbler (ruficapilla)
naswar2,Leiothlypis ruficapilla ridgwayi,Nashville Warbler (ridgwayi)
virwar,Leiothlypis virginiae,Virginia's Warbler
conwar,Oporornis agilis,Connecticut Warbler
gycyel,Geothlypis poliocephala,Gray-crowned Yellowthroat
macwar,Geothlypis tolmiei,MacGillivray's Warbler
mouwar,Geothlypis philadelphia,Mourning Warbler
kenwar,Geothlypis formosa,Kentucky Warbler
comyel,Geothlypis trichas,Common Yellowthroat
hoowar,Setophaga citrina,Hooded Warbler
amered,Setophaga ruticilla,American Redstart
kirwar,Setophaga kirtlandii,Kirtland's Warbler
camwar,Setophaga tigrina,Cape May Warbler
cerwar,Setophaga cerulea,Cerulean Warbler
norpar,Setophaga americana,Northern Parula
magwar,Setophaga magnolia,Magnolia Warbler
babwar,Setophaga castanea,Bay-breasted Warbler
bkbwar,Setophaga fusca,Blackburnian Warbler
yelwar,Setophaga petechia,Yellow Warbler
yelwar1,Setophaga petechia [aestiva Group],Yellow Warbler (Northern)
yelwar2,Setophaga petechia [petechia Group],Yellow Warbler (Golden)
chswar,Setophaga pensylvanica,Chestnut-sided Warbler
bkpwar,Setophaga striata,Blackpoll Warbler
btbwar,Setophaga caerulescens,Black-throated Blue Warbler
palwar,Setophaga palmarum,Palm Warbler
palwar3,Setophaga palmarum palmarum,Palm Warbler (Western)
palwar4,Setophaga palmarum hypochrysea,Palm Warbler (Yellow)
pinwar,Setophaga pinus,Pine Warbler
yerwar,Setophaga coronata,Yellow-rumped Warbler
myrwar,Setophaga coronata coronata,Yellow-rumped Warbler (Myrtle)
audwar,Setophaga coronata auduboni,Yellow-rumped Warbler (Audubon's)
yerwar3,Setophaga coronata coronata x auduboni,Yellow-rumped Warbler (Myrtle x Audubon's)
x00461,Setophaga palmarum x coronata,Palm x Yellow-rumped Warbler (hybrid)
yetwar,Setophaga dominica,Yellow-throated Warbler
yetwar1,Setophaga dominica albilora,Yellow-throated Warbler (albilora)
yetwar2,Setophaga dominica dominica/stoddardi,Yellow-throated Warbler (dominica/stoddardi)
prawar,Setophaga discolor,Prairie Warbler
barwar,Setophaga subita,Barbuda Warbler
grawar,Setophaga graciae,Grace's Warbler
btywar,Setophaga nigrescens,Black-throated Gray Warbler
towwar,Setophaga townsendi,Townsend's Warbler
x00624,Setophaga coronata x townsendi,Yellow-rumped x Townsend's Warbler (hybrid)
herwar,Setophaga occidentalis,Hermit Warbler
x00059,Setophaga townsendi x occidentalis,Townsend's x Hermit Warbler (hybrid)
gchwar,Setophaga chrysoparia,Golden-cheeked Warbler
btnwar,Setophaga virens,Black-throated Green Warbler
rucwar,Basileuterus rufifrons,Rufous-capped Warbler
gcrwar,Basileuterus culicivorus,Golden-crowned Warbler
canwar,Cardellina canadensis,Canada Warbler
wlswar,Cardellina pusilla,Wilson's Warbler
wilwar1,Cardellina pusilla pileolata,Wilson's Warbler (pileolata)
wilwar2,Cardellina pusilla pusilla,Wilson's Warbler (pusilla)
wilwar3,Cardellina pusilla chryseola,Wilson's Warbler (chryseola)
refwar,Cardellina rubrifrons,Red-faced Warbler
paired,Myioborus pictus,Painted Redstart
warble,Parulidae sp.,warbler sp. (Parulidae sp.)
heptan,Piranga flava,Hepatic Tanager
sumtan,Piranga rubra,Summer Tanager
scatan,Piranga olivacea,Scarlet Tanager
westan,Piranga ludoviciana,Western Tanager
flctan,Piranga bidentata,Flame-colored Tanager
rehtan2,Piranga rubriceps,Red-hooded Tanager
norcar,Cardinalis cardinalis,Northern Cardinal
norcar1,Cardinalis cardinalis [cardinalis Group],Northern Cardinal (Common)
pyrrhu,Cardinalis sinuatus,Pyrrhuloxia
yelgro,Pheucticus chrysopeplus,Yellow Grosbeak
robgro,Pheucticus ludovicianus,Rose-breasted Grosbeak
bkhgro,Pheucticus melanocephalus,Black-headed Grosbeak
y00334,Pheucticus ludovicianus/melanocephalus,Rose-breasted/Black-headed Grosbeak
blubun,Cyanocompsa parellina,Blue Bunting
blugrb1,Passerina caerulea,Blue Grosbeak
lazbun,Passerina amoena,Lazuli Bunting
indbun,Passerina cyanea,Indigo Bunting
ixlbun,Passerina amoena x cyanea,Lazuli x Indigo Bunting (hybrid)
orbbun1,Passerina leclancherii,Orange-breasted Bunting
varbun,Passerina versicolor,Varied Bunting
paibun,Passerina ciris,Painted Bunting
dickci,Spiza americana,Dickcissel
reccar,Paroaria coronata,Red-crested Cardinal
yebcar,Paroaria capitata,Yellow-billed Cardinal
tanage,Thraupidae sp. (tanager sp.),tanager sp. (Thraupidae sp.)
saffin,Sicalis flaveola,Saffron Finch
yellow4,Sicalis sp.,yellow-finch sp.
blbgra1,Volatinia jacarina,Blue-black Grassquit
whcsee1,Sporophila morelleti,Morelet's Seedeater
whcsee2,Sporophila torqueola,Cinnamon-rumped Seedeater
whcsee,Sporophila morelleti/torqueola,Morelet's/Cinnamon-rumped Seedeater
grasal2,Saltator grandis,Cinnamon-bellied Saltator
passer1,Passeriformes sp.,passerine sp.
